id,Département,type_de_motorisation,Covoiturage,formation,distance_covoiture,nb_personnes_covoiture,CO2_economise
1,Aménagement du Territoire et Urbanisme,Voiture thermique,Non,False,,,
2,Transition Écologique et Énergies Renouvelables,Voiture thermique,Non,False,,,
3,Services Sociaux et Solidarité,Voiture thermique,Non,True,,,
4,Infrastructures et Mobilité,Voiture thermique,Non,False,,,
5,Santé Publique et Prévention,Voiture thermique,Non,False,,,
6,Transition Écologique et Énergies Renouvelables,Voiture thermique,Non,True,,,
7,Infrastructures et Mobilité,Voiture thermique,Non,True,,,
8,Développement Économique et Attractivité,Voiture thermique,Non,True,,,
9,Transition Écologique et Énergies Renouvelables,Voiture thermique,Non,True,,,
10,Communication et Relations Publiques,Voiture électrique,Non,False,,,
11,Sécurité et Prévention des Risques,Voiture thermique,Non,False,,,
12,Services Sociaux et Solidarité,Voiture thermique,Non,False,,,
13,Développement Économique et Attractivité,Voiture thermique,Non,True,,,
14,Administration Générale,Voiture thermique,Non,False,,,
15,Infrastructures et Mobilité,Voiture thermique,Non,True,,,
16,Culture et Patrimoine,Voiture thermique,Non,True,,,
17,Administration Générale,Voiture thermique,Non,True,,,
18,Finance et Budget,Voiture thermique,Non,True,,,
19,Santé Publique et Prévention,Voiture thermique,Non,True,,,
20,Sécurité et Prévention des Risques,Voiture thermique,Non,False,,,
21,Finance et Budget,Voiture thermique,Non,False,,,
22,Finance et Budget,Voiture thermique,Non,True,,,
23,Santé Publique et Prévention,Voiture thermique,Non,False,,,
24,Sécurité et Prévention des Risques,Voiture thermique,Non,False,,,
25,Communication et Relations Publiques,Voiture thermique,Non,True,,,
26,Administration Générale,Voiture thermique,Non,True,,,
27,Services Sociaux et Solidarité,Voiture thermique,Non,True,,,
28,Éducation et Jeunesse,Voiture thermique,Non,True,,,
29,Communication et Relations Publiques,Voiture thermique,Non,True,,,
30,Aménagement du Territoire et Urbanisme,Voiture thermique,Non,True,,,
31,Finance et Budget,Voiture thermique,Non,False,,,
32,Développement Économique et Attractivité,Voiture thermique,Non,False,,,
33,Développement Économique et Attractivité,Voiture thermique,Non,False,,,
34,Sécurité et Prévention des Risques,Voiture thermique,Non,True,,,
35,Développement Économique et Attractivité,Voiture thermique,Non,False,,,
36,Culture et Patrimoine,Voiture thermique,Non,False,,,
37,Développement Économique et Attractivité,Voiture thermique,Non,True,,,
38,Santé Publique et Prévention,Voiture thermique,Non,True,,,
39,Administration Générale,Voiture électrique,Non,False,,,
40,Administration Générale,Voiture thermique,Non,False,,,
41,Culture et Patrimoine,Voiture thermique,Non,False,,,
42,Culture et Patrimoine,Voiture thermique,Non,False,,,
43,Communication et Relations Publiques,Voiture thermique,Non,False,,,
44,Éducation et Jeunesse,Voiture thermique,Non,False,,,
45,Infrastructures et Mobilité,Voiture thermique,Non,True,,,
46,Communication et Relations Publiques,Voiture hybride,Non,True,,,
47,Transition Écologique et Énergies Renouvelables,Voiture thermique,Non,False,,,
48,Communication et Relations Publiques,Voiture thermique,Non,False,,,
49,Administration Générale,Voiture thermique,Non,False,,,
50,Culture et Patrimoine,Voiture thermique,Non,False,,,
51,Communication et Relations Publiques,Voiture thermique,Non,False,,,
52,Services Sociaux et Solidarité,Voiture hybride,Non,True,,,
53,Administration Générale,Voiture thermique,Non,True,,,
54,Transition Écologique et Énergies Renouvelables,Voiture thermique,Non,False,,,
55,Éducation et Jeunesse,Voiture thermique,Non,False,,,
56,Finance et Budget,Voiture thermique,Non,False,,,
57,Administration Générale,Voiture thermique,Non,False,,,
58,Aménagement du Territoire et Urbanisme,Voiture thermique,Non,True,,,
59,Sécurité et Prévention des Risques,Voiture thermique,Non,True,,,
60,Aménagement du Territoire et Urbanisme,Voiture thermique,Non,False,,,
61,Culture et Patrimoine,Voiture électrique,Non,False,,,
62,Sécurité et Prévention des Risques,Voiture thermique,Non,True,,,
63,Transition Écologique et Énergies Renouvelables,Voiture hybride,Non,False,,,
64,Infrastructures et Mobilité,Voiture thermique,Non,True,,,
65,Santé Publique et Prévention,Voiture thermique,Non,True,,,
66,Développement Économique et Attractivité,Voiture thermique,Non,False,,,
67,Communication et Relations Publiques,Voiture thermique,Non,True,,,
68,Aménagement du Territoire et Urbanisme,Voiture thermique,Non,False,,,
69,Sécurité et Prévention des Risques,Voiture thermique,Non,False,,,
70,Sécurité et Prévention des Risques,Voiture thermique,Non,True,,,
71,Sécurité et Prévention des Risques,Voiture thermique,Non,True,,,
72,Infrastructures et Mobilité,Voiture électrique,Non,False,,,
73,Finance et Budget,Voiture thermique,Non,True,,,
74,Santé Publique et Prévention,Voiture thermique,Non,True,,,
75,Culture et Patrimoine,Voiture thermique,Non,True,,,
76,Développement Économique et Attractivité,Voiture thermique,Non,False,,,
77,Aménagement du Territoire et Urbanisme,Voiture thermique,Non,False,,,
78,Éducation et Jeunesse,Voiture hybride,Non,False,,,
79,Santé Publique et Prévention,Voiture thermique,Non,False,,,
80,Culture et Patrimoine,Voiture thermique,Non,False,,,
81,Transition Écologique et Énergies Renouvelables,Voiture thermique,Non,True,,,
82,Culture et Patrimoine,Voiture thermique,Non,False,,,
83,Développement Économique et Attractivité,Voiture thermique,Non,False,,,
84,Sécurité et Prévention des Risques,Voiture thermique,Non,True,,,
85,Infrastructures et Mobilité,Voiture thermique,Non,True,,,
86,Transition Écologique et Énergies Renouvelables,Voiture thermique,Non,False,,,
87,Aménagement du Territoire et Urbanisme,Voiture thermique,Non,True,,,
88,Sécurité et Prévention des Risques,Voiture thermique,Non,False,,,
89,Finance et Budget,Voiture thermique,Non,False,,,
90,Transition Écologique et Énergies Renouvelables,Voiture thermique,Non,True,,,
91,Communication et Relations Publiques,Voiture thermique,Non,False,,,
92,Transition Écologique et Énergies Renouvelables,Voiture thermique,Non,False,,,
93,Communication et Relations Publiques,Voiture électrique,Non,False,,,
94,Infrastructures et Mobilité,Voiture thermique,Non,True,,,
95,Communication et Relations Publiques,Voiture thermique,Non,False,,,
96,Sécurité et Prévention des Risques,Voiture thermique,Non,False,,,
97,Culture et Patrimoine,Voiture thermique,Non,True,,,
98,Administration Générale,Voiture thermique,Non,False,,,
99,Finance et Budget,Voiture thermique,Non,False,,,
100,Développement Économique et Attractivité,Voiture thermique,Non,False,,,
101,Santé Publique et Prévention,Voiture thermique,Non,True,,,
102,Services Sociaux et Solidarité,Voiture hybride,Non,False,,,
103,Éducation et Jeunesse,Voiture thermique,Non,False,,,
104,Culture et Patrimoine,Voiture thermique,Non,True,,,
105,Aménagement du Territoire et Urbanisme,Voiture thermique,Non,True,,,
106,Services Sociaux et Solidarité,Voiture thermique,Non,False,,,
107,Services Sociaux et Solidarité,Voiture thermique,Non,False,,,
108,Transition Écologique et Énergies Renouvelables,Voiture thermique,Non,True,,,
109,Services Sociaux et Solidarité,Voiture thermique,Non,True,,,
110,Culture et Patrimoine,Voiture thermique,Non,False,,,
111,Aménagement du Territoire et Urbanisme,Voiture thermique,Non,True,,,
112,Services Sociaux et Solidarité,Voiture thermique,Non,True,,,
113,Développement Économique et Attractivité,Voiture thermique,Non,True,,,
114,Éducation et Jeunesse,Voiture hybride,Non,True,,,
115,Infrastructures et Mobilité,Voiture thermique,Non,False,,,
116,Sécurité et Prévention des Risques,Voiture thermique,Non,False,,,
117,Culture et Patrimoine,Voiture thermique,Non,False,,,
118,Culture et Patrimoine,Voiture thermique,Non,True,,,
119,Administration Générale,Voiture thermique,Non,False,,,
120,Santé Publique et Prévention,Voiture thermique,Non,False,,,
121,Finance et Budget,Voiture thermique,Non,False,,,
122,Infrastructures et Mobilité,Voiture thermique,Non,False,,,
123,Santé Publique et Prévention,Voiture thermique,Non,False,,,
124,Services Sociaux et Solidarité,Voiture thermique,Non,True,,,
125,Éducation et Jeunesse,Voiture hybride,Non,True,,,
126,Aménagement du Territoire et Urbanisme,Voiture thermique,Non,True,,,
127,Santé Publique et Prévention,Voiture thermique,Non,False,,,
128,Éducation et Jeunesse,Voiture thermique,Non,False,,,
129,Aménagement du Territoire et Urbanisme,Voiture thermique,Non,True,,,
130,Éducation et Jeunesse,Voiture thermique,Non,False,,,
131,Finance et Budget,Voiture thermique,Non,False,,,
132,Sécurité et Prévention des Risques,Voiture thermique,Non,True,,,
133,Infrastructures et Mobilité,Voiture thermique,Non,False,,,
134,Aménagement du Territoire et Urbanisme,Voiture thermique,Non,True,,,
135,Infrastructures et Mobilité,Voiture thermique,Non,False,,,
136,Services Sociaux et Solidarité,Voiture électrique,Non,True,,,
137,Administration Générale,Voiture thermique,Non,True,,,
138,Transition Écologique et Énergies Renouvelables,Voiture thermique,Non,True,,,
139,Sécurité et Prévention des Risques,Voiture thermique,Non,False,,,
140,Transition Écologique et Énergies Renouvelables,Voiture thermique,Non,True,,,
141,Culture et Patrimoine,Voiture thermique,Non,True,,,
142,Services Sociaux et Solidarité,Voiture thermique,Non,True,,,
143,Éducation et Jeunesse,Voiture thermique,Non,False,,,
144,Aménagement du Territoire et Urbanisme,Voiture thermique,Non,True,,,
145,Sécurité et Prévention des Risques,Voiture thermique,Non,True,,,
146,Éducation et Jeunesse,Voiture thermique,Non,False,,,
147,Sécurité et Prévention des Risques,Voiture électrique,Non,False,,,
148,Finance et Budget,Voiture thermique,Non,True,,,
149,Services Sociaux et Solidarité,Voiture thermique,Non,False,,,
150,Culture et Patrimoine,Voiture thermique,Non,True,,,
151,Culture et Patrimoine,Voiture thermique,Non,False,,,
152,Services Sociaux et Solidarité,Voiture thermique,Non,True,,,
153,Administration Générale,Voiture thermique,Non,True,,,
154,Services Sociaux et Solidarité,Voiture thermique,Non,False,,,
155,Finance et Budget,Voiture thermique,Non,False,,,
156,Santé Publique et Prévention,Voiture thermique,Non,True,,,
157,Communication et Relations Publiques,Voiture thermique,Non,False,,,
158,Aménagement du Territoire et Urbanisme,Voiture hybride,Non,True,,,
159,Finance et Budget,Voiture thermique,Non,False,,,
160,Infrastructures et Mobilité,Voiture thermique,Non,True,,,
161,Communication et Relations Publiques,Voiture électrique,Non,True,,,
162,Culture et Patrimoine,Voiture thermique,Non,True,,,
163,Sécurité et Prévention des Risques,Voiture thermique,Non,True,,,
164,Aménagement du Territoire et Urbanisme,Voiture thermique,Non,True,,,
165,Administration Générale,Voiture thermique,Non,True,,,
166,Aménagement du Territoire et Urbanisme,Voiture thermique,Non,True,,,
167,Administration Générale,Voiture thermique,Non,True,,,
168,Infrastructures et Mobilité,Voiture thermique,Non,True,,,
169,Transition Écologique et Énergies Renouvelables,Voiture thermique,Non,False,,,
170,Services Sociaux et Solidarité,Voiture thermique,Non,False,,,
171,Communication et Relations Publiques,Voiture thermique,Non,True,,,
172,Éducation et Jeunesse,Voiture thermique,Non,True,,,
173,Développement Économique et Attractivité,Voiture thermique,Non,True,,,
174,Services Sociaux et Solidarité,Voiture thermique,Non,False,,,
175,Administration Générale,Voiture thermique,Non,False,,,
176,Services Sociaux et Solidarité,Voiture thermique,Non,True,,,
177,Aménagement du Territoire et Urbanisme,Voiture thermique,Non,False,,,
178,Communication et Relations Publiques,Voiture électrique,Non,False,,,
179,Services Sociaux et Solidarité,Voiture thermique,Non,True,,,
180,Transition Écologique et Énergies Renouvelables,Voiture thermique,Non,True,,,
181,Communication et Relations Publiques,Voiture thermique,Non,False,,,
182,Aménagement du Territoire et Urbanisme,Voiture thermique,Non,True,,,
183,Infrastructures et Mobilité,Pas de véhicule,Non,False,,,
184,Développement Économique et Attractivité,Voiture électrique,Non,True,,,
185,Éducation et Jeunesse,Voiture thermique,Non,False,,,
186,Développement Économique et Attractivité,Voiture thermique,Non,False,,,
187,Développement Économique et Attractivité,Voiture thermique,Non,True,,,
188,Services Sociaux et Solidarité,Voiture thermique,Non,False,,,
189,Santé Publique et Prévention,Voiture thermique,Non,True,,,
190,Aménagement du Territoire et Urbanisme,Voiture thermique,Non,False,,,
191,Sécurité et Prévention des Risques,Voiture thermique,Non,False,,,
192,Communication et Relations Publiques,Pas de véhicule,Non,False,,,
193,Services Sociaux et Solidarité,Voiture thermique,Non,False,,,
194,Développement Économique et Attractivité,Voiture thermique,Non,False,,,
195,Administration Générale,Voiture thermique,Non,True,,,
196,Finance et Budget,Voiture électrique,Non,False,,,
197,Administration Générale,Voiture thermique,Non,True,,,
198,Aménagement du Territoire et Urbanisme,Voiture thermique,Non,False,,,
199,Transition Écologique et Énergies Renouvelables,Voiture thermique,Non,False,,,
200,Aménagement du Territoire et Urbanisme,Voiture thermique,Non,False,,,
201,Communication et Relations Publiques,Voiture thermique,Non,False,,,
202,Sécurité et Prévention des Risques,Voiture thermique,Non,False,,,
203,Administration Générale,Voiture thermique,Non,False,,,
204,Services Sociaux et Solidarité,Voiture thermique,Non,False,,,
205,Développement Économique et Attractivité,Voiture thermique,Non,False,,,
206,Santé Publique et Prévention,Voiture thermique,Non,True,,,
207,Infrastructures et Mobilité,Voiture thermique,Non,True,,,
208,Infrastructures et Mobilité,Voiture thermique,Non,False,,,
209,Aménagement du Territoire et Urbanisme,Voiture thermique,Non,False,,,
210,Finance et Budget,Voiture thermique,Non,True,,,
211,Santé Publique et Prévention,Voiture thermique,Non,True,,,
212,Communication et Relations Publiques,Voiture thermique,Non,False,,,
213,Communication et Relations Publiques,Pas de véhicule,Non,True,,,
214,Transition Écologique et Énergies Renouvelables,Voiture thermique,Non,True,,,
215,Administration Générale,Voiture thermique,Non,True,,,
216,Aménagement du Territoire et Urbanisme,Voiture thermique,Non,False,,,
217,Administration Générale,Voiture thermique,Non,True,,,
218,Développement Économique et Attractivité,Voiture thermique,Non,False,,,
219,Infrastructures et Mobilité,Voiture thermique,Non,True,,,
220,Finance et Budget,Voiture thermique,Non,True,,,
221,Développement Économique et Attractivité,Voiture hybride,Non,False,,,
222,Finance et Budget,Voiture thermique,Non,True,,,
223,Administration Générale,Voiture thermique,Non,False,,,
224,Communication et Relations Publiques,Voiture thermique,Non,False,,,
225,Finance et Budget,Voiture thermique,Non,True,,,
226,Éducation et Jeunesse,Voiture hybride,Non,False,,,
227,Santé Publique et Prévention,Voiture thermique,Non,False,,,
228,Transition Écologique et Énergies Renouvelables,Voiture thermique,Non,False,,,
229,Santé Publique et Prévention,Pas de véhicule,Non,True,,,
230,Sécurité et Prévention des Risques,Voiture thermique,Non,False,,,
231,Culture et Patrimoine,Voiture thermique,Non,True,,,
232,Santé Publique et Prévention,Voiture thermique,Non,False,,,
233,Santé Publique et Prévention,Voiture thermique,Non,False,,,
234,Aménagement du Territoire et Urbanisme,Voiture thermique,Non,True,,,
235,Finance et Budget,Voiture thermique,Non,True,,,
236,Administration Générale,Voiture thermique,Non,False,,,
237,Sécurité et Prévention des Risques,Voiture thermique,Non,False,,,
238,Infrastructures et Mobilité,Voiture thermique,Non,True,,,
239,Santé Publique et Prévention,Voiture thermique,Non,False,,,
240,Sécurité et Prévention des Risques,Voiture thermique,Non,True,,,
241,Communication et Relations Publiques,Pas de véhicule,Non,False,,,
242,Culture et Patrimoine,Voiture thermique,Non,False,,,
243,Infrastructures et Mobilité,Voiture thermique,Non,False,,,
244,Santé Publique et Prévention,Voiture thermique,Non,False,,,
245,Services Sociaux et Solidarité,Pas de véhicule,Non,False,,,
246,Services Sociaux et Solidarité,Voiture thermique,Non,True,,,
247,Communication et Relations Publiques,Pas de véhicule,Non,True,,,
248,Finance et Budget,Voiture thermique,Non,False,,,
249,Finance et Budget,Voiture thermique,Non,True,,,
250,Culture et Patrimoine,Voiture thermique,Non,True,,,
251,Services Sociaux et Solidarité,Voiture thermique,Non,False,,,
252,Administration Générale,Voiture thermique,Non,False,,,
253,Infrastructures et Mobilité,Pas de véhicule,Non,False,,,
254,Communication et Relations Publiques,Voiture thermique,Non,True,,,
255,Santé Publique et Prévention,Voiture hybride,Non,False,,,
256,Infrastructures et Mobilité,Voiture thermique,Non,True,,,
257,Administration Générale,Pas de véhicule,Non,False,,,
258,Culture et Patrimoine,Voiture thermique,Non,True,,,
259,Services Sociaux et Solidarité,Voiture thermique,Non,True,,,
260,Infrastructures et Mobilité,Voiture thermique,Non,False,,,
261,Aménagement du Territoire et Urbanisme,Voiture thermique,Non,True,,,
262,Infrastructures et Mobilité,Voiture thermique,Non,False,,,
263,Éducation et Jeunesse,Voiture thermique,Non,True,,,
264,Communication et Relations Publiques,Voiture thermique,Non,True,,,
265,Infrastructures et Mobilité,Voiture thermique,Non,False,,,
266,Éducation et Jeunesse,Voiture thermique,Non,False,,,
267,Administration Générale,Voiture thermique,Non,False,,,
268,Services Sociaux et Solidarité,Voiture thermique,Non,False,,,
269,Culture et Patrimoine,Voiture thermique,Non,False,,,
270,Services Sociaux et Solidarité,Pas de véhicule,Non,True,,,
271,Infrastructures et Mobilité,Voiture hybride,Non,True,,,
272,Aménagement du Territoire et Urbanisme,Voiture thermique,Non,False,,,
273,Services Sociaux et Solidarité,Voiture thermique,Non,True,,,
274,Transition Écologique et Énergies Renouvelables,Voiture thermique,Non,False,,,
275,Finance et Budget,Pas de véhicule,Non,True,,,
276,Aménagement du Territoire et Urbanisme,Voiture thermique,Non,False,,,
277,Communication et Relations Publiques,Voiture électrique,Non,True,,,
278,Aménagement du Territoire et Urbanisme,Pas de véhicule,Non,False,,,
279,Transition Écologique et Énergies Renouvelables,Voiture thermique,Non,True,,,
280,Aménagement du Territoire et Urbanisme,Pas de véhicule,Non,True,,,
281,Communication et Relations Publiques,Voiture thermique,Non,True,,,
282,Administration Générale,Voiture thermique,Non,False,,,
283,Aménagement du Territoire et Urbanisme,Voiture thermique,Non,True,,,
284,Finance et Budget,Voiture thermique,Non,False,,,
285,Administration Générale,Voiture thermique,Non,False,,,
286,Éducation et Jeunesse,Voiture thermique,Non,False,,,
287,Aménagement du Territoire et Urbanisme,Pas de véhicule,Non,True,,,
288,Administration Générale,Voiture thermique,Non,True,,,
289,Communication et Relations Publiques,Voiture thermique,Non,True,,,
290,Culture et Patrimoine,Pas de véhicule,Non,False,,,
291,Transition Écologique et Énergies Renouvelables,Voiture thermique,Non,True,,,
292,Développement Économique et Attractivité,Voiture thermique,Non,False,,,
293,Éducation et Jeunesse,Voiture thermique,Non,False,,,
294,Éducation et Jeunesse,Voiture thermique,Non,True,,,
295,Administration Générale,Voiture thermique,Non,False,,,
296,Transition Écologique et Énergies Renouvelables,Voiture thermique,Non,True,,,
297,Infrastructures et Mobilité,Voiture thermique,Non,False,,,
298,Administration Générale,Voiture thermique,Non,False,,,
299,Finance et Budget,Voiture thermique,Non,True,,,
300,Transition Écologique et Énergies Renouvelables,Voiture thermique,Non,False,,,
301,Culture et Patrimoine,Voiture thermique,Non,True,,,
302,Services Sociaux et Solidarité,Voiture thermique,Non,False,,,
303,Éducation et Jeunesse,Voiture thermique,Non,False,,,
304,Administration Générale,Voiture thermique,Non,False,,,
305,Transition Écologique et Énergies Renouvelables,Pas de véhicule,Non,True,,,
306,Communication et Relations Publiques,Voiture thermique,Non,False,,,
307,Sécurité et Prévention des Risques,Voiture thermique,Non,False,,,
308,Culture et Patrimoine,Voiture thermique,Non,False,,,
309,Culture et Patrimoine,Pas de véhicule,Non,False,,,
310,Santé Publique et Prévention,Voiture thermique,Non,False,,,
311,Aménagement du Territoire et Urbanisme,Voiture thermique,Non,False,,,
312,Santé Publique et Prévention,Voiture thermique,Non,False,,,
313,Santé Publique et Prévention,Pas de véhicule,Non,False,,,
314,Culture et Patrimoine,Voiture thermique,Non,False,,,
315,Éducation et Jeunesse,Voiture thermique,Non,True,,,
316,Infrastructures et Mobilité,Voiture thermique,Non,False,,,
317,Développement Économique et Attractivité,Voiture thermique,Non,True,,,
318,Développement Économique et Attractivité,Voiture thermique,Non,True,,,
319,Éducation et Jeunesse,Voiture thermique,Non,False,,,
320,Infrastructures et Mobilité,Voiture thermique,Non,True,,,
321,Sécurité et Prévention des Risques,Voiture thermique,Non,True,,,
322,Culture et Patrimoine,Voiture thermique,Non,False,,,
323,Éducation et Jeunesse,Voiture thermique,Non,False,,,
324,Développement Économique et Attractivité,Voiture thermique,Non,False,,,
325,Administration Générale,Voiture thermique,Non,True,,,
326,Finance et Budget,Voiture thermique,Non,False,,,
327,Développement Économique et Attractivité,Voiture thermique,Non,False,,,
328,Aménagement du Territoire et Urbanisme,Voiture thermique,Non,True,,,
329,Aménagement du Territoire et Urbanisme,Voiture thermique,Non,True,,,
330,Transition Écologique et Énergies Renouvelables,Voiture thermique,Non,True,,,
331,Aménagement du Territoire et Urbanisme,Voiture thermique,Non,False,,,
332,Santé Publique et Prévention,Voiture thermique,Non,True,,,
333,Développement Économique et Attractivité,Voiture thermique,Non,False,,,
334,Santé Publique et Prévention,Voiture thermique,Non,False,,,
335,Aménagement du Territoire et Urbanisme,Pas de véhicule,Non,False,,,
336,Sécurité et Prévention des Risques,Pas de véhicule,Non,True,,,
337,Sécurité et Prévention des Risques,Pas de véhicule,Non,False,,,
338,Services Sociaux et Solidarité,Voiture thermique,Non,False,,,
339,Éducation et Jeunesse,Voiture thermique,Non,False,,,
340,Sécurité et Prévention des Risques,Voiture thermique,Non,True,,,
341,Infrastructures et Mobilité,Voiture thermique,Non,True,,,
342,Éducation et Jeunesse,Voiture thermique,Non,False,,,
343,Administration Générale,Voiture hybride,Non,True,,,
344,Transition Écologique et Énergies Renouvelables,Voiture thermique,Non,False,,,
345,Culture et Patrimoine,Pas de véhicule,Non,False,,,
346,Communication et Relations Publiques,Voiture thermique,Non,False,,,
347,Services Sociaux et Solidarité,Voiture thermique,Non,True,,,
348,Finance et Budget,Voiture thermique,Non,False,,,
349,Éducation et Jeunesse,Voiture thermique,Non,False,,,
350,Éducation et Jeunesse,Voiture thermique,Non,True,,,
351,Développement Économique et Attractivité,Pas de véhicule,Non,True,,,
352,Administration Générale,Voiture thermique,Non,True,,,
353,Services Sociaux et Solidarité,Voiture hybride,Non,True,,,
354,Administration Générale,Voiture thermique,Non,False,,,
355,Santé Publique et Prévention,Voiture thermique,Non,False,,,
356,Administration Générale,Voiture thermique,Non,False,,,
357,Administration Générale,Voiture thermique,Non,True,,,
358,Culture et Patrimoine,Voiture thermique,Non,False,,,
359,Transition Écologique et Énergies Renouvelables,Voiture thermique,Non,False,,,
360,Développement Économique et Attractivité,Voiture thermique,Non,False,,,
361,Santé Publique et Prévention,Voiture thermique,Non,True,,,
362,Culture et Patrimoine,Voiture thermique,Non,True,,,
363,Santé Publique et Prévention,Voiture thermique,Non,False,,,
364,Finance et Budget,Voiture électrique,Non,True,,,
365,Santé Publique et Prévention,Voiture thermique,Non,False,,,
366,Services Sociaux et Solidarité,Voiture thermique,Non,False,,,
367,Finance et Budget,Voiture thermique,Non,True,,,
368,Transition Écologique et Énergies Renouvelables,Voiture thermique,Non,False,,,
369,Administration Générale,Voiture thermique,Non,True,,,
370,Santé Publique et Prévention,Voiture thermique,Non,True,,,
371,Transition Écologique et Énergies Renouvelables,Voiture thermique,Non,True,,,
372,Transition Écologique et Énergies Renouvelables,Voiture thermique,Non,True,,,
373,Santé Publique et Prévention,Voiture thermique,Non,True,,,
374,Culture et Patrimoine,Pas de véhicule,Non,True,,,
375,Administration Générale,Voiture thermique,Non,False,,,
376,Sécurité et Prévention des Risques,Voiture thermique,Non,False,,,
377,Administration Générale,Pas de véhicule,Non,True,,,
378,Finance et Budget,Voiture thermique,Non,True,,,
379,Aménagement du Territoire et Urbanisme,Pas de véhicule,Non,True,,,
380,Transition Écologique et Énergies Renouvelables,Voiture thermique,Non,False,,,
381,Développement Économique et Attractivité,Voiture thermique,Non,True,,,
382,Santé Publique et Prévention,Voiture thermique,Non,False,,,
383,Infrastructures et Mobilité,Voiture thermique,Non,False,,,
384,Éducation et Jeunesse,Voiture thermique,Non,True,,,
385,Aménagement du Territoire et Urbanisme,Voiture thermique,Non,True,,,
386,Sécurité et Prévention des Risques,Voiture thermique,Non,True,,,
387,Aménagement du Territoire et Urbanisme,Voiture thermique,Non,False,,,
388,Santé Publique et Prévention,Voiture thermique,Non,False,,,
389,Communication et Relations Publiques,Voiture thermique,Non,True,,,
390,Infrastructures et Mobilité,Voiture thermique,Non,False,,,
391,Développement Économique et Attractivité,Voiture thermique,Non,True,,,
392,Éducation et Jeunesse,Voiture thermique,Non,False,,,
393,Finance et Budget,Voiture thermique,Non,True,,,
394,Finance et Budget,Voiture thermique,Non,False,,,
395,Développement Économique et Attractivité,Voiture thermique,Non,False,,,
396,Administration Générale,Voiture thermique,Non,False,,,
397,Infrastructures et Mobilité,Voiture thermique,Non,True,,,
398,Services Sociaux et Solidarité,Voiture hybride,Non,True,,,
399,Développement Économique et Attractivité,Voiture thermique,Non,True,,,
400,Santé Publique et Prévention,Voiture thermique,Non,True,,,
401,Services Sociaux et Solidarité,Voiture thermique,Non,False,,,
402,Aménagement du Territoire et Urbanisme,Voiture thermique,Non,True,,,
403,Administration Générale,Voiture thermique,Non,False,,,
404,Aménagement du Territoire et Urbanisme,Voiture thermique,Non,True,,,
405,Aménagement du Territoire et Urbanisme,Voiture thermique,Non,False,,,
406,Finance et Budget,Voiture thermique,Non,False,,,
407,Sécurité et Prévention des Risques,Pas de véhicule,Non,True,,,
408,Développement Économique et Attractivité,Voiture thermique,Non,False,,,
409,Administration Générale,Voiture thermique,Non,True,,,
410,Aménagement du Territoire et Urbanisme,Pas de véhicule,Non,False,,,
411,Infrastructures et Mobilité,Voiture thermique,Non,False,,,
412,Administration Générale,Voiture thermique,Non,False,,,
413,Sécurité et Prévention des Risques,Voiture thermique,Non,False,,,
414,Sécurité et Prévention des Risques,Voiture thermique,Non,True,,,
415,Communication et Relations Publiques,Voiture thermique,Non,True,,,
416,Culture et Patrimoine,Voiture hybride,Non,False,,,
417,Culture et Patrimoine,Voiture thermique,Non,False,,,
418,Culture et Patrimoine,Voiture thermique,Non,False,,,
419,Santé Publique et Prévention,Voiture thermique,Non,True,,,
420,Santé Publique et Prévention,Voiture thermique,Non,False,,,
421,Transition Écologique et Énergies Renouvelables,Voiture thermique,Non,True,,,
422,Transition Écologique et Énergies Renouvelables,Pas de véhicule,Non,False,,,
423,Sécurité et Prévention des Risques,Voiture thermique,Non,False,,,
424,Sécurité et Prévention des Risques,Pas de véhicule,Non,True,,,
425,Finance et Budget,Voiture thermique,Non,False,,,
426,Éducation et Jeunesse,Voiture thermique,Non,True,,,
427,Développement Économique et Attractivité,Pas de véhicule,Non,True,,,
428,Services Sociaux et Solidarité,Voiture thermique,Non,False,,,
429,Éducation et Jeunesse,Voiture thermique,Non,True,,,
430,Aménagement du Territoire et Urbanisme,Voiture thermique,Non,False,,,
431,Développement Économique et Attractivité,Voiture thermique,Non,True,,,
432,Services Sociaux et Solidarité,Voiture thermique,Non,False,,,
433,Santé Publique et Prévention,Voiture thermique,Oui,False,"8,7",5.0,"1,67"
434,Sécurité et Prévention des Risques,Voiture thermique,Non,True,,,
435,Culture et Patrimoine,Voiture thermique,Non,True,,,
436,Services Sociaux et Solidarité,Voiture thermique,Non,False,,,
437,Communication et Relations Publiques,Voiture thermique,Oui,True,"42,6",5.0,"8,18"
438,Santé Publique et Prévention,Voiture hybride,Non,True,,,
439,Finance et Budget,Voiture thermique,Non,True,,,
440,Culture et Patrimoine,Voiture thermique,Non,True,,,
441,Développement Économique et Attractivité,Voiture thermique,Non,True,,,
442,Administration Générale,Pas de véhicule,Non,False,,,
443,Finance et Budget,Voiture thermique,Non,True,,,
444,Santé Publique et Prévention,Voiture thermique,Non,False,,,
445,Éducation et Jeunesse,Voiture thermique,Non,False,,,
446,Éducation et Jeunesse,Voiture thermique,Non,True,,,
447,Culture et Patrimoine,Voiture thermique,Oui,True,"40,5",2.0,"7,78"
448,Éducation et Jeunesse,Voiture thermique,Non,False,,,
449,Développement Économique et Attractivité,Voiture thermique,Non,True,,,
450,Sécurité et Prévention des Risques,Voiture thermique,Non,True,,,
451,Finance et Budget,Voiture thermique,Non,False,,,
452,Éducation et Jeunesse,Voiture hybride,Non,True,,,
453,Sécurité et Prévention des Risques,Voiture thermique,Non,True,,,
454,Transition Écologique et Énergies Renouvelables,Voiture thermique,Non,True,,,
455,Sécurité et Prévention des Risques,Voiture thermique,Non,False,,,
456,Services Sociaux et Solidarité,Voiture thermique,Oui,False,"30,2",3.0,"5,8"
457,Culture et Patrimoine,Voiture hybride,Non,False,,,
458,Transition Écologique et Énergies Renouvelables,Voiture thermique,Non,True,,,
459,Développement Économique et Attractivité,Voiture hybride,Non,False,,,
460,Administration Générale,Voiture thermique,Oui,False,"43,5",5.0,"8,35"
461,Aménagement du Territoire et Urbanisme,Voiture thermique,Non,True,,,
462,Services Sociaux et Solidarité,Pas de véhicule,Non,True,,,
463,Administration Générale,Voiture thermique,Non,True,,,
464,Développement Économique et Attractivité,Voiture thermique,Oui,False,"42,2",2.0,"8,1"
465,Développement Économique et Attractivité,Voiture thermique,Non,True,,,
466,Santé Publique et Prévention,Voiture thermique,Non,False,,,
467,Infrastructures et Mobilité,Voiture thermique,Non,True,,,
468,Sécurité et Prévention des Risques,Pas de véhicule,Non,False,,,
469,Finance et Budget,Voiture électrique,Non,True,,,
470,Transition Écologique et Énergies Renouvelables,Voiture thermique,Oui,False,"33,4",4.0,"6,41"
471,Éducation et Jeunesse,Pas de véhicule,Non,True,,,
472,Santé Publique et Prévention,Pas de véhicule,Non,False,,,
473,Administration Générale,Voiture thermique,Non,False,,,
474,Éducation et Jeunesse,Voiture thermique,Non,True,,,
475,Transition Écologique et Énergies Renouvelables,Voiture thermique,Non,False,,,
476,Aménagement du Territoire et Urbanisme,Voiture thermique,Non,True,,,
477,Transition Écologique et Énergies Renouvelables,Voiture thermique,Non,False,,,
478,Finance et Budget,Voiture thermique,Non,False,,,
479,Communication et Relations Publiques,Voiture thermique,Non,False,,,
480,Finance et Budget,Voiture thermique,Oui,False,"36,5",3.0,"7,01"
481,Services Sociaux et Solidarité,Pas de véhicule,Non,True,,,
482,Administration Générale,Pas de véhicule,Non,False,,,
483,Transition Écologique et Énergies Renouvelables,Voiture thermique,Non,True,,,
484,Santé Publique et Prévention,Voiture thermique,Non,True,,,
485,Éducation et Jeunesse,Voiture thermique,Non,True,,,
486,Développement Économique et Attractivité,Voiture thermique,Non,True,,,
487,Communication et Relations Publiques,Voiture thermique,Non,False,,,
488,Administration Générale,Voiture thermique,Non,True,,,
489,Développement Économique et Attractivité,Voiture hybride,Non,False,,,
490,Transition Écologique et Énergies Renouvelables,Voiture hybride,Non,True,,,
491,Administration Générale,Voiture thermique,Non,True,,,
492,Transition Écologique et Énergies Renouvelables,Pas de véhicule,Non,False,,,
493,Aménagement du Territoire et Urbanisme,Voiture thermique,Non,False,,,
494,Aménagement du Territoire et Urbanisme,Voiture thermique,Non,True,,,
495,Finance et Budget,Voiture thermique,Non,False,,,
496,Développement Économique et Attractivité,Voiture thermique,Oui,True,"10,3",5.0,"1,98"
497,Éducation et Jeunesse,Voiture thermique,Non,False,,,
498,Éducation et Jeunesse,Voiture thermique,Non,True,,,
499,Sécurité et Prévention des Risques,Voiture thermique,Non,False,,,
500,Services Sociaux et Solidarité,Voiture thermique,Non,True,,,
501,Administration Générale,Voiture thermique,Oui,False,41,5.0,"7,87"
502,Développement Économique et Attractivité,Voiture thermique,Non,True,,,
503,Services Sociaux et Solidarité,Voiture thermique,Non,True,,,
504,Développement Économique et Attractivité,Voiture thermique,Non,False,,,
505,Services Sociaux et Solidarité,Voiture thermique,Oui,True,"13,6",3.0,"2,61"
506,Transition Écologique et Énergies Renouvelables,Pas de véhicule,Non,True,,,
507,Infrastructures et Mobilité,Pas de véhicule,Non,False,,,
508,Administration Générale,Voiture thermique,Non,False,,,
509,Infrastructures et Mobilité,Voiture thermique,Oui,True,"13,3",3.0,"2,55"
510,Développement Économique et Attractivité,Voiture thermique,Non,True,,,
511,Infrastructures et Mobilité,Pas de véhicule,Non,True,,,
512,Santé Publique et Prévention,Voiture thermique,Non,True,,,
513,Communication et Relations Publiques,Voiture thermique,Non,False,,,
514,Aménagement du Territoire et Urbanisme,Voiture hybride,Non,True,,,
515,Éducation et Jeunesse,Voiture thermique,Non,False,,,
516,Finance et Budget,Voiture thermique,Non,False,,,
517,Infrastructures et Mobilité,Voiture thermique,Non,True,,,
518,Infrastructures et Mobilité,Pas de véhicule,Non,False,,,
519,Santé Publique et Prévention,Voiture thermique,Non,True,,,
520,Sécurité et Prévention des Risques,Voiture thermique,Non,False,,,
521,Éducation et Jeunesse,Voiture thermique,Non,True,,,
522,Administration Générale,Voiture thermique,Non,True,,,
523,Administration Générale,Pas de véhicule,Non,True,,,
524,Services Sociaux et Solidarité,Pas de véhicule,Non,True,,,
525,Sécurité et Prévention des Risques,Voiture thermique,Non,False,,,
526,Infrastructures et Mobilité,Voiture électrique,Non,True,,,
527,Communication et Relations Publiques,Voiture thermique,Non,False,,,
528,Infrastructures et Mobilité,Voiture thermique,Non,False,,,
529,Infrastructures et Mobilité,Pas de véhicule,Non,False,,,
530,Administration Générale,Voiture thermique,Oui,False,"10,6",3.0,"2,04"
531,Santé Publique et Prévention,Voiture thermique,Oui,False,"43,9",2.0,"8,43"
532,Éducation et Jeunesse,Voiture thermique,Non,False,,,
533,Finance et Budget,Voiture thermique,Non,False,,,
534,Communication et Relations Publiques,Pas de véhicule,Non,False,,,
535,Aménagement du Territoire et Urbanisme,Voiture hybride,Non,False,,,
536,Administration Générale,Voiture thermique,Non,False,,,
537,Santé Publique et Prévention,Voiture thermique,Non,True,,,
538,Sécurité et Prévention des Risques,Voiture thermique,Non,False,,,
539,Sécurité et Prévention des Risques,Voiture thermique,Non,True,,,
540,Éducation et Jeunesse,Pas de véhicule,Non,True,,,
541,Services Sociaux et Solidarité,Voiture thermique,Oui,True,"7,3",3.0,"1,4"
542,Infrastructures et Mobilité,Voiture thermique,Non,False,,,
543,Culture et Patrimoine,Voiture thermique,Non,True,,,
544,Finance et Budget,Voiture thermique,Non,False,,,
545,Transition Écologique et Énergies Renouvelables,Voiture thermique,Non,True,,,
546,Transition Écologique et Énergies Renouvelables,Pas de véhicule,Non,True,,,
547,Sécurité et Prévention des Risques,Voiture thermique,Non,False,,,
548,Santé Publique et Prévention,Voiture thermique,Oui,True,"16,3",2.0,"3,13"
549,Transition Écologique et Énergies Renouvelables,Voiture thermique,Non,True,,,
550,Communication et Relations Publiques,Voiture thermique,Non,True,,,
551,Développement Économique et Attractivité,Pas de véhicule,Non,False,,,
552,Transition Écologique et Énergies Renouvelables,Voiture thermique,Non,False,,,
553,Administration Générale,Voiture hybride,Non,True,,,
554,Administration Générale,Voiture thermique,Non,True,,,
555,Infrastructures et Mobilité,Voiture thermique,Non,True,,,
556,Administration Générale,Voiture thermique,Non,True,,,
557,Administration Générale,Voiture thermique,Oui,True,"26,7",3.0,"5,13"
558,Culture et Patrimoine,Voiture électrique,Non,False,,,
559,Communication et Relations Publiques,Voiture thermique,Oui,False,"26,3",3.0,"5,05"
560,Sécurité et Prévention des Risques,Voiture thermique,Oui,True,"43,8",2.0,"8,41"
561,Communication et Relations Publiques,Pas de véhicule,Non,False,,,
562,Transition Écologique et Énergies Renouvelables,Voiture thermique,Non,False,,,
563,Communication et Relations Publiques,Voiture thermique,Non,True,,,
564,Communication et Relations Publiques,Voiture thermique,Non,False,,,
565,Culture et Patrimoine,Pas de véhicule,Non,True,,,
566,Sécurité et Prévention des Risques,Voiture thermique,Non,False,,,
567,Aménagement du Territoire et Urbanisme,Voiture thermique,Non,True,,,
568,Aménagement du Territoire et Urbanisme,Voiture thermique,Non,False,,,
569,Éducation et Jeunesse,Voiture thermique,Non,True,,,
570,Éducation et Jeunesse,Voiture thermique,Non,True,,,
571,Aménagement du Territoire et Urbanisme,Voiture thermique,Non,False,,,
572,Éducation et Jeunesse,Voiture thermique,Non,True,,,
573,Communication et Relations Publiques,Voiture thermique,Oui,False,27,5.0,"5,18"
574,Communication et Relations Publiques,Voiture thermique,Non,True,,,
575,Éducation et Jeunesse,Voiture thermique,Non,False,,,
576,Sécurité et Prévention des Risques,Voiture thermique,Non,False,,,
577,Administration Générale,Voiture thermique,Oui,False,"6,6",5.0,"1,27"
578,Santé Publique et Prévention,Voiture thermique,Non,True,,,
579,Aménagement du Territoire et Urbanisme,Voiture thermique,Non,False,,,
580,Aménagement du Territoire et Urbanisme,Voiture thermique,Oui,True,"10,3",5.0,"1,98"
581,Culture et Patrimoine,Voiture thermique,Non,False,,,
582,Services Sociaux et Solidarité,Voiture thermique,Non,False,,,
583,Finance et Budget,Voiture thermique,Non,True,,,
584,Infrastructures et Mobilité,Voiture thermique,Non,True,,,
585,Développement Économique et Attractivité,Voiture thermique,Non,False,,,
586,Services Sociaux et Solidarité,Voiture thermique,Non,False,,,
587,Infrastructures et Mobilité,Voiture hybride,Non,True,,,
588,Santé Publique et Prévention,Voiture thermique,Non,False,,,
589,Services Sociaux et Solidarité,Voiture thermique,Non,False,,,
590,Aménagement du Territoire et Urbanisme,Voiture thermique,Non,True,,,
591,Finance et Budget,Voiture thermique,Oui,False,"42,2",5.0,"8,1"
592,Aménagement du Territoire et Urbanisme,Voiture thermique,Oui,True,"20,5",3.0,"3,94"
593,Éducation et Jeunesse,Voiture électrique,Non,True,,,
594,Infrastructures et Mobilité,Voiture thermique,Non,True,,,
595,Culture et Patrimoine,Voiture thermique,Non,False,,,
596,Administration Générale,Voiture thermique,Non,False,,,
597,Transition Écologique et Énergies Renouvelables,Voiture hybride,Non,True,,,
598,Services Sociaux et Solidarité,Voiture thermique,Non,False,,,
599,Communication et Relations Publiques,Voiture hybride,Non,False,,,
600,Transition Écologique et Énergies Renouvelables,Voiture thermique,Non,True,,,
601,Administration Générale,Voiture thermique,Non,True,,,
602,Sécurité et Prévention des Risques,Voiture thermique,Non,False,,,
603,Infrastructures et Mobilité,Voiture thermique,Oui,False,"8,9",4.0,"1,71"
604,Développement Économique et Attractivité,Voiture thermique,Non,True,,,
605,Communication et Relations Publiques,Voiture thermique,Non,True,,,
606,Services Sociaux et Solidarité,Voiture thermique,Oui,True,"8,2",3.0,"1,57"
607,Infrastructures et Mobilité,Voiture thermique,Non,True,,,
608,Éducation et Jeunesse,Voiture électrique,Oui,True,"23,6",4.0,"4,53"
609,Santé Publique et Prévention,Voiture thermique,Non,True,,,
610,Sécurité et Prévention des Risques,Voiture thermique,Non,False,,,
611,Finance et Budget,Voiture thermique,Non,False,,,
612,Communication et Relations Publiques,Voiture thermique,Non,True,,,
613,Finance et Budget,Voiture thermique,Oui,False,"47,9",3.0,"9,2"
614,Sécurité et Prévention des Risques,Voiture thermique,Oui,True,"5,6",4.0,"1,08"
615,Culture et Patrimoine,Voiture thermique,Oui,True,"6,2",5.0,"1,19"
616,Transition Écologique et Énergies Renouvelables,Voiture thermique,Oui,False,"25,8",4.0,"4,95"
617,Éducation et Jeunesse,Voiture thermique,Non,True,,,
618,Administration Générale,Voiture thermique,Non,True,,,
619,Éducation et Jeunesse,Voiture thermique,Oui,True,"19,7",2.0,"3,78"
620,Sécurité et Prévention des Risques,Voiture thermique,Non,True,,,
621,Services Sociaux et Solidarité,Voiture thermique,Non,True,,,
622,Sécurité et Prévention des Risques,Voiture thermique,Non,True,,,
623,Culture et Patrimoine,Voiture thermique,Non,True,,,
624,Services Sociaux et Solidarité,Voiture hybride,Non,False,,,
625,Transition Écologique et Énergies Renouvelables,Voiture hybride,Non,True,,,
626,Finance et Budget,Voiture hybride,Oui,True,"37,5",4.0,"7,2"
627,Administration Générale,Voiture électrique,Non,True,,,
628,Services Sociaux et Solidarité,Voiture électrique,Non,True,,,
629,Éducation et Jeunesse,Voiture électrique,Oui,True,"12,8",2.0,"2,46"
630,Aménagement du Territoire et Urbanisme,Voiture électrique,Non,True,,,
631,Sécurité et Prévention des Risques,Voiture hybride,Non,True,,,
632,Infrastructures et Mobilité,Voiture électrique,Non,True,,,
633,Sécurité et Prévention des Risques,Voiture thermique,Non,False,,,
634,Finance et Budget,Voiture hybride,Non,False,,,
635,Sécurité et Prévention des Risques,Voiture électrique,Non,True,,,
636,Finance et Budget,Voiture hybride,Non,True,,,
637,Sécurité et Prévention des Risques,Voiture hybride,Oui,True,"24,9",2.0,"4,78"
638,Développement Économique et Attractivité,Voiture hybride,Non,True,,,
639,Infrastructures et Mobilité,Voiture électrique,Non,False,,,
640,Sécurité et Prévention des Risques,Voiture hybride,Non,True,,,
641,Culture et Patrimoine,Voiture électrique,Non,True,,,
642,Éducation et Jeunesse,Voiture électrique,Non,False,,,
643,Sécurité et Prévention des Risques,Voiture hybride,Oui,False,"14,1",2.0,"2,71"
644,Sécurité et Prévention des Risques,Voiture hybride,Oui,False,"9,3",5.0,"1,79"
645,Infrastructures et Mobilité,Voiture hybride,Non,False,,,
646,Administration Générale,Voiture hybride,Non,False,,,
647,Administration Générale,Voiture électrique,Oui,True,"33,3",2.0,"6,39"
648,Santé Publique et Prévention,Voiture hybride,Oui,True,"19,4",3.0,"3,72"
649,Administration Générale,Voiture hybride,Non,False,,,
650,Développement Économique et Attractivité,Voiture thermique,Non,False,,,
651,Éducation et Jeunesse,Voiture électrique,Non,True,,,
652,Aménagement du Territoire et Urbanisme,Voiture hybride,Non,False,,,
653,Culture et Patrimoine,Voiture électrique,Non,False,,,
654,Services Sociaux et Solidarité,Voiture électrique,Non,True,,,
655,Développement Économique et Attractivité,Voiture thermique,Non,True,,,
656,Sécurité et Prévention des Risques,Voiture thermique,Oui,True,34,5.0,"6,53"
657,Transition Écologique et Énergies Renouvelables,Voiture thermique,Non,True,,,
658,Santé Publique et Prévention,Voiture thermique,Non,True,,,
659,Infrastructures et Mobilité,Voiture thermique,Oui,False,"29,1",2.0,"5,59"
660,Sécurité et Prévention des Risques,Voiture thermique,Non,False,,,
661,Éducation et Jeunesse,Voiture thermique,Non,False,,,
662,Développement Économique et Attractivité,Voiture thermique,Oui,False,"15,1",2.0,"2,9"
663,Sécurité et Prévention des Risques,Voiture thermique,Non,True,,,
664,Transition Écologique et Énergies Renouvelables,Voiture thermique,Oui,True,"32,4",4.0,"6,22"
665,Communication et Relations Publiques,Voiture thermique,Non,False,,,
666,Administration Générale,Voiture thermique,Oui,True,"5,7",3.0,"1,09"
667,Administration Générale,Voiture thermique,Non,True,,,
668,Sécurité et Prévention des Risques,Voiture thermique,Non,True,,,
669,Administration Générale,Voiture thermique,Non,True,,,
670,Éducation et Jeunesse,Voiture thermique,Non,True,,,
671,Culture et Patrimoine,Voiture thermique,Non,True,,,
672,Infrastructures et Mobilité,Voiture thermique,Oui,True,9,3.0,"1,73"
673,Aménagement du Territoire et Urbanisme,Voiture thermique,Oui,True,"11,5",3.0,"2,21"
674,Finance et Budget,Voiture thermique,Non,True,,,
675,Aménagement du Territoire et Urbanisme,Voiture thermique,Non,False,,,
676,Culture et Patrimoine,Voiture thermique,Non,False,,,
677,Administration Générale,Voiture thermique,Non,False,,,
678,Santé Publique et Prévention,Voiture thermique,Non,True,,,
679,Transition Écologique et Énergies Renouvelables,Voiture thermique,Non,True,,,
680,Sécurité et Prévention des Risques,Voiture thermique,Non,False,,,
681,Développement Économique et Attractivité,Voiture thermique,Non,True,,,
682,Éducation et Jeunesse,Voiture thermique,Non,False,,,
683,Infrastructures et Mobilité,Voiture thermique,Non,False,,,
684,Aménagement du Territoire et Urbanisme,Voiture thermique,Non,False,,,
685,Santé Publique et Prévention,Voiture thermique,Non,True,,,
686,Sécurité et Prévention des Risques,Voiture thermique,Non,True,,,
687,Aménagement du Territoire et Urbanisme,Voiture thermique,Oui,True,"14,1",5.0,"2,71"
688,Infrastructures et Mobilité,Voiture thermique,Non,True,,,
689,Communication et Relations Publiques,Voiture thermique,Non,False,,,
690,Culture et Patrimoine,Voiture thermique,Non,True,,,
691,Sécurité et Prévention des Risques,Voiture thermique,Oui,True,"32,7",5.0,"6,28"
692,Infrastructures et Mobilité,Voiture thermique,Non,False,,,
693,Infrastructures et Mobilité,Voiture thermique,Non,False,,,
694,Culture et Patrimoine,Voiture thermique,Non,True,,,
695,Administration Générale,Voiture thermique,Non,True,,,
696,Administration Générale,Voiture thermique,Non,False,,,
697,Services Sociaux et Solidarité,Voiture thermique,Non,True,,,
698,Finance et Budget,Voiture thermique,Non,True,,,
699,Communication et Relations Publiques,Voiture thermique,Oui,False,"33,3",3.0,"6,39"
700,Culture et Patrimoine,Voiture thermique,Non,True,,,
701,Finance et Budget,Voiture thermique,Non,True,,,
702,Sécurité et Prévention des Risques,Voiture thermique,Non,False,,,
703,Santé Publique et Prévention,Voiture thermique,Non,True,,,
704,Culture et Patrimoine,Voiture thermique,Non,True,,,
705,Services Sociaux et Solidarité,Voiture thermique,Non,True,,,
706,Développement Économique et Attractivité,Voiture thermique,Non,True,,,
707,Communication et Relations Publiques,Voiture thermique,Non,True,,,
708,Aménagement du Territoire et Urbanisme,Voiture thermique,Non,True,,,
709,Infrastructures et Mobilité,Voiture thermique,Non,False,,,
710,Sécurité et Prévention des Risques,Voiture thermique,Non,True,,,
711,Sécurité et Prévention des Risques,Voiture thermique,Non,False,,,
712,Développement Économique et Attractivité,Voiture thermique,Non,True,,,
713,Services Sociaux et Solidarité,Voiture thermique,Non,True,,,
714,Santé Publique et Prévention,Voiture thermique,Non,False,,,
715,Culture et Patrimoine,Voiture thermique,Oui,True,"15,9",3.0,"3,05"
716,Développement Économique et Attractivité,Voiture thermique,Non,False,,,
717,Infrastructures et Mobilité,Voiture thermique,Non,True,,,
718,Infrastructures et Mobilité,Voiture thermique,Non,False,,,
719,Développement Économique et Attractivité,Voiture thermique,Non,True,,,
720,Administration Générale,Voiture thermique,Non,True,,,
721,Santé Publique et Prévention,Voiture thermique,Non,True,,,
722,Développement Économique et Attractivité,Voiture thermique,Non,True,,,
723,Infrastructures et Mobilité,Voiture thermique,Non,False,,,
724,Éducation et Jeunesse,Voiture thermique,Non,True,,,
725,Services Sociaux et Solidarité,Voiture thermique,Non,True,,,
726,Administration Générale,Voiture thermique,Non,False,,,
727,Santé Publique et Prévention,Voiture thermique,Non,True,,,
728,Développement Économique et Attractivité,Voiture thermique,Non,True,,,
729,Santé Publique et Prévention,Voiture thermique,Non,False,,,
730,Finance et Budget,Voiture thermique,Non,False,,,
731,Développement Économique et Attractivité,Voiture thermique,Oui,False,"46,5",4.0,"8,93"
732,Transition Écologique et Énergies Renouvelables,Voiture thermique,Non,True,,,
733,Aménagement du Territoire et Urbanisme,Voiture thermique,Oui,False,"6,7",5.0,"1,29"
734,Finance et Budget,Voiture thermique,Oui,True,"31,4",4.0,"6,03"
735,Services Sociaux et Solidarité,Voiture thermique,Oui,False,"31,4",5.0,"6,03"
736,Santé Publique et Prévention,Voiture thermique,Non,False,,,
737,Développement Économique et Attractivité,Voiture thermique,Non,False,,,
738,Sécurité et Prévention des Risques,Voiture thermique,Non,False,,,
739,Communication et Relations Publiques,Voiture thermique,Non,False,,,
740,Sécurité et Prévention des Risques,Voiture thermique,Non,True,,,
741,Sécurité et Prévention des Risques,Voiture thermique,Non,True,,,
742,Finance et Budget,Voiture thermique,Non,True,,,
743,Développement Économique et Attractivité,Voiture thermique,Non,True,,,
744,Sécurité et Prévention des Risques,Voiture thermique,Non,True,,,
745,Aménagement du Territoire et Urbanisme,Voiture thermique,Non,False,,,
746,Développement Économique et Attractivité,Voiture thermique,Non,False,,,
747,Culture et Patrimoine,Voiture thermique,Non,False,,,
748,Transition Écologique et Énergies Renouvelables,Voiture thermique,Non,False,,,
749,Finance et Budget,Voiture thermique,Oui,True,"46,5",2.0,"8,93"
750,Culture et Patrimoine,Voiture thermique,Non,False,,,
751,Administration Générale,Voiture thermique,Non,False,,,
752,Éducation et Jeunesse,Voiture thermique,Non,False,,,
753,Communication et Relations Publiques,Voiture thermique,Non,False,,,
754,Communication et Relations Publiques,Voiture thermique,Non,True,,,
755,Culture et Patrimoine,Voiture thermique,Non,True,,,
756,Aménagement du Territoire et Urbanisme,Voiture thermique,Non,True,,,
757,Communication et Relations Publiques,Voiture thermique,Non,False,,,
758,Services Sociaux et Solidarité,Voiture thermique,Non,True,,,
759,Culture et Patrimoine,Voiture thermique,Non,True,,,
760,Aménagement du Territoire et Urbanisme,Voiture thermique,Non,True,,,
761,Santé Publique et Prévention,Voiture thermique,Non,True,,,
762,Administration Générale,Voiture thermique,Non,True,,,
763,Éducation et Jeunesse,Voiture thermique,Non,False,,,
764,Aménagement du Territoire et Urbanisme,Voiture thermique,Non,False,,,
765,Culture et Patrimoine,Voiture thermique,Non,False,,,
766,Administration Générale,Voiture thermique,Non,True,,,
767,Communication et Relations Publiques,Voiture thermique,Non,False,,,
768,Finance et Budget,Voiture thermique,Oui,True,"29,6",3.0,"5,68"
769,Culture et Patrimoine,Voiture thermique,Non,True,,,
770,Santé Publique et Prévention,Voiture thermique,Non,True,,,
771,Développement Économique et Attractivité,Voiture thermique,Non,False,,,
772,Administration Générale,Voiture thermique,Non,False,,,
773,Finance et Budget,Voiture thermique,Non,True,,,
774,Infrastructures et Mobilité,Voiture thermique,Non,False,,,
775,Transition Écologique et Énergies Renouvelables,Voiture thermique,Non,True,,,
776,Transition Écologique et Énergies Renouvelables,Voiture thermique,Non,False,,,
777,Éducation et Jeunesse,Voiture thermique,Non,False,,,
778,Communication et Relations Publiques,Voiture thermique,Oui,False,"46,6",2.0,"8,95"
779,Santé Publique et Prévention,Voiture thermique,Non,True,,,
780,Éducation et Jeunesse,Voiture thermique,Non,True,,,
781,Transition Écologique et Énergies Renouvelables,Voiture thermique,Non,False,,,
782,Santé Publique et Prévention,Voiture thermique,Non,False,,,
783,Communication et Relations Publiques,Voiture thermique,Non,False,,,
784,Finance et Budget,Voiture thermique,Non,False,,,
785,Administration Générale,Voiture thermique,Oui,False,"40,2",4.0,"7,72"
786,Finance et Budget,Voiture thermique,Oui,False,"19,4",3.0,"3,72"
787,Communication et Relations Publiques,Voiture thermique,Oui,False,"22,4",2.0,"4,3"
788,Éducation et Jeunesse,Voiture thermique,Non,True,,,
789,Transition Écologique et Énergies Renouvelables,Voiture thermique,Non,True,,,
790,Communication et Relations Publiques,Voiture thermique,Non,True,,,
791,Communication et Relations Publiques,Voiture thermique,Non,False,,,
792,Transition Écologique et Énergies Renouvelables,Voiture thermique,Non,False,,,
793,Services Sociaux et Solidarité,Voiture thermique,Oui,True,"37,7",5.0,"7,24"
794,Administration Générale,Voiture thermique,Non,False,,,
795,Administration Générale,Voiture thermique,Non,True,,,
796,Éducation et Jeunesse,Voiture thermique,Non,False,,,
797,Transition Écologique et Énergies Renouvelables,Voiture thermique,Non,False,,,
798,Développement Économique et Attractivité,Voiture thermique,Oui,False,"44,3",2.0,"8,51"
799,Culture et Patrimoine,Voiture thermique,Non,False,,,
800,Éducation et Jeunesse,Voiture thermique,Non,True,,,
801,Administration Générale,Voiture thermique,Oui,True,"8,5",5.0,"1,63"
802,Aménagement du Territoire et Urbanisme,Voiture thermique,Non,False,,,
803,Santé Publique et Prévention,Voiture thermique,Non,True,,,
804,Administration Générale,Voiture thermique,Non,False,,,
805,Éducation et Jeunesse,Voiture thermique,Non,True,,,
806,Santé Publique et Prévention,Voiture thermique,Non,False,,,
807,Finance et Budget,Voiture thermique,Non,False,,,
808,Santé Publique et Prévention,Voiture thermique,Non,True,,,
809,Développement Économique et Attractivité,Voiture thermique,Non,False,,,
810,Culture et Patrimoine,Voiture thermique,Non,False,,,
811,Transition Écologique et Énergies Renouvelables,Voiture thermique,Non,False,,,
812,Culture et Patrimoine,Voiture thermique,Non,False,,,
813,Services Sociaux et Solidarité,Voiture thermique,Non,False,,,
814,Santé Publique et Prévention,Voiture thermique,Non,True,,,
815,Culture et Patrimoine,Voiture thermique,Oui,False,"45,2",4.0,"8,68"
816,Développement Économique et Attractivité,Voiture thermique,Non,False,,,
817,Culture et Patrimoine,Voiture thermique,Non,False,,,
818,Culture et Patrimoine,Voiture thermique,Oui,False,"10,5",5.0,"2,02"
819,Éducation et Jeunesse,Voiture thermique,Oui,True,"17,3",2.0,"3,32"
820,Administration Générale,Voiture thermique,Non,False,,,
821,Transition Écologique et Énergies Renouvelables,Voiture thermique,Non,False,,,
822,Éducation et Jeunesse,Voiture thermique,Oui,True,"43,5",5.0,"8,35"
823,Communication et Relations Publiques,Voiture thermique,Non,False,,,
824,Sécurité et Prévention des Risques,Voiture thermique,Non,True,,,
825,Éducation et Jeunesse,Voiture thermique,Non,True,,,
826,Services Sociaux et Solidarité,Voiture thermique,Non,False,,,
827,Éducation et Jeunesse,Voiture thermique,Non,True,,,
828,Communication et Relations Publiques,Voiture thermique,Non,True,,,
829,Services Sociaux et Solidarité,Voiture thermique,Non,False,,,
830,Communication et Relations Publiques,Voiture thermique,Non,False,,,
831,Éducation et Jeunesse,Voiture thermique,Non,True,,,
832,Éducation et Jeunesse,Voiture thermique,Non,True,,,
833,Administration Générale,Voiture thermique,Non,False,,,
834,Administration Générale,Voiture thermique,Oui,True,"26,9",4.0,"5,16"
835,Transition Écologique et Énergies Renouvelables,Voiture thermique,Oui,False,"23,5",4.0,"4,51"
836,Administration Générale,Voiture thermique,Non,False,,,
837,Transition Écologique et Énergies Renouvelables,Voiture thermique,Non,True,,,
838,Culture et Patrimoine,Voiture thermique,Non,False,,,
839,Développement Économique et Attractivité,Voiture thermique,Oui,False,"36,2",4.0,"6,95"
840,Finance et Budget,Voiture thermique,Non,True,,,
841,Infrastructures et Mobilité,Voiture thermique,Oui,False,"5,9",4.0,"1,13"
842,Éducation et Jeunesse,Voiture thermique,Non,False,,,
843,Culture et Patrimoine,Voiture thermique,Oui,False,"6,2",2.0,"1,19"
844,Développement Économique et Attractivité,Voiture thermique,Oui,True,"27,3",2.0,"5,24"
845,Services Sociaux et Solidarité,Voiture thermique,Non,False,,,
846,Administration Générale,Voiture thermique,Non,False,,,
847,Administration Générale,Voiture thermique,Non,True,,,
848,Santé Publique et Prévention,Voiture thermique,Non,False,,,
849,Éducation et Jeunesse,Voiture thermique,Non,False,,,
850,Éducation et Jeunesse,Voiture thermique,Non,False,,,
851,Administration Générale,Voiture thermique,Non,True,,,
852,Transition Écologique et Énergies Renouvelables,Voiture thermique,Non,False,,,
853,Services Sociaux et Solidarité,Voiture thermique,Non,True,,,
854,Sécurité et Prévention des Risques,Voiture thermique,Non,False,,,
855,Communication et Relations Publiques,Voiture thermique,Oui,True,"26,6",4.0,"5,11"
856,Administration Générale,Voiture thermique,Non,False,,,
857,Administration Générale,Voiture thermique,Non,True,,,
858,Santé Publique et Prévention,Voiture thermique,Non,False,,,
859,Développement Économique et Attractivité,Voiture thermique,Oui,False,"25,9",3.0,"4,97"
860,Services Sociaux et Solidarité,Voiture thermique,Non,False,,,
861,Services Sociaux et Solidarité,Voiture thermique,Non,False,,,
862,Finance et Budget,Voiture thermique,Non,False,,,
863,Communication et Relations Publiques,Voiture thermique,Non,False,,,
864,Services Sociaux et Solidarité,Voiture thermique,Non,True,,,
865,Santé Publique et Prévention,Voiture thermique,Non,True,,,
866,Culture et Patrimoine,Voiture thermique,Non,False,,,
867,Transition Écologique et Énergies Renouvelables,Voiture thermique,Oui,False,"49,3",3.0,"9,47"
868,Finance et Budget,Voiture thermique,Non,False,,,
869,Culture et Patrimoine,Voiture thermique,Non,False,,,
870,Transition Écologique et Énergies Renouvelables,Voiture thermique,Non,True,,,
871,Communication et Relations Publiques,Voiture thermique,Oui,True,"47,2",5.0,"9,06"
872,Aménagement du Territoire et Urbanisme,Voiture thermique,Non,True,,,
873,Communication et Relations Publiques,Voiture thermique,Non,True,,,
874,Administration Générale,Voiture thermique,Non,True,,,
875,Culture et Patrimoine,Voiture thermique,Non,True,,,
876,Développement Économique et Attractivité,Voiture thermique,Oui,True,"28,4",4.0,"5,45"
877,Éducation et Jeunesse,Voiture thermique,Non,True,,,
878,Santé Publique et Prévention,Voiture thermique,Non,False,,,
879,Finance et Budget,Voiture thermique,Non,False,,,
880,Développement Économique et Attractivité,Voiture thermique,Non,True,,,
881,Aménagement du Territoire et Urbanisme,Voiture thermique,Non,False,,,
882,Aménagement du Territoire et Urbanisme,Voiture thermique,Non,False,,,
883,Sécurité et Prévention des Risques,Voiture thermique,Non,True,,,
884,Développement Économique et Attractivité,Voiture thermique,Non,True,,,
885,Culture et Patrimoine,Voiture thermique,Non,True,,,
886,Services Sociaux et Solidarité,Voiture thermique,Non,False,,,
887,Finance et Budget,Voiture thermique,Non,True,,,
888,Développement Économique et Attractivité,Voiture thermique,Non,True,,,
889,Finance et Budget,Voiture thermique,Non,False,,,
890,Culture et Patrimoine,Voiture thermique,Non,True,,,
891,Culture et Patrimoine,Voiture thermique,Non,False,,,
892,Transition Écologique et Énergies Renouvelables,Voiture thermique,Non,False,,,
893,Services Sociaux et Solidarité,Voiture thermique,Non,False,,,
894,Santé Publique et Prévention,Voiture thermique,Non,True,,,
895,Culture et Patrimoine,Voiture thermique,Non,True,,,
896,Éducation et Jeunesse,Voiture thermique,Non,False,,,
897,Transition Écologique et Énergies Renouvelables,Voiture thermique,Non,False,,,
898,Infrastructures et Mobilité,Voiture thermique,Non,True,,,
899,Administration Générale,Voiture thermique,Non,False,,,
900,Éducation et Jeunesse,Voiture thermique,Non,False,,,
901,Culture et Patrimoine,Voiture thermique,Non,False,,,
902,Communication et Relations Publiques,Voiture thermique,Non,True,,,
903,Administration Générale,Voiture thermique,Non,True,,,
904,Services Sociaux et Solidarité,Voiture thermique,Non,False,,,
905,Éducation et Jeunesse,Voiture thermique,Non,True,,,
906,Infrastructures et Mobilité,Voiture thermique,Non,False,,,
907,Communication et Relations Publiques,Voiture thermique,Non,True,,,
908,Culture et Patrimoine,Voiture thermique,Non,False,,,
909,Développement Économique et Attractivité,Voiture thermique,Non,False,,,
910,Culture et Patrimoine,Voiture thermique,Non,True,,,
911,Infrastructures et Mobilité,Voiture thermique,Non,True,,,
912,Éducation et Jeunesse,Voiture thermique,Non,False,,,
913,Aménagement du Territoire et Urbanisme,Voiture thermique,Non,False,,,
914,Aménagement du Territoire et Urbanisme,Voiture thermique,Non,False,,,
915,Aménagement du Territoire et Urbanisme,Voiture thermique,Non,True,,,
916,Infrastructures et Mobilité,Voiture thermique,Non,False,,,
917,Sécurité et Prévention des Risques,Voiture thermique,Non,True,,,
918,Aménagement du Territoire et Urbanisme,Voiture thermique,Non,False,,,
919,Finance et Budget,Voiture thermique,Non,True,,,
920,Développement Économique et Attractivité,Voiture thermique,Non,True,,,
921,Développement Économique et Attractivité,Voiture thermique,Non,True,,,
922,Finance et Budget,Voiture thermique,Non,False,,,
923,Développement Économique et Attractivité,Voiture thermique,Non,True,,,
924,Sécurité et Prévention des Risques,Voiture thermique,Non,False,,,
925,Finance et Budget,Voiture thermique,Non,False,,,
926,Développement Économique et Attractivité,Voiture thermique,Non,True,,,
927,Éducation et Jeunesse,Voiture thermique,Non,False,,,
928,Infrastructures et Mobilité,Voiture thermique,Non,False,,,
929,Culture et Patrimoine,Voiture thermique,Non,False,,,
930,Développement Économique et Attractivité,Voiture thermique,Non,True,,,
931,Communication et Relations Publiques,Voiture thermique,Non,False,,,
932,Culture et Patrimoine,Voiture thermique,Non,False,,,
933,Santé Publique et Prévention,Voiture thermique,Non,True,,,
934,Sécurité et Prévention des Risques,Voiture thermique,Non,False,,,
935,Santé Publique et Prévention,Voiture thermique,Non,True,,,
936,Développement Économique et Attractivité,Voiture thermique,Non,True,,,
937,Services Sociaux et Solidarité,Voiture thermique,Non,True,,,
938,Administration Générale,Voiture thermique,Non,False,,,
939,Transition Écologique et Énergies Renouvelables,Voiture thermique,Non,False,,,
940,Santé Publique et Prévention,Voiture thermique,Non,True,,,
941,Santé Publique et Prévention,Voiture thermique,Non,True,,,
942,Services Sociaux et Solidarité,Voiture thermique,Non,True,,,
943,Infrastructures et Mobilité,Voiture thermique,Non,False,,,
944,Infrastructures et Mobilité,Voiture thermique,Non,True,,,
945,Culture et Patrimoine,Voiture thermique,Non,True,,,
946,Sécurité et Prévention des Risques,Voiture thermique,Non,False,,,
947,Éducation et Jeunesse,Voiture thermique,Non,False,,,
948,Administration Générale,Voiture thermique,Non,False,,,
949,Développement Économique et Attractivité,Voiture thermique,Non,False,,,
950,Développement Économique et Attractivité,Voiture thermique,Non,False,,,
951,Développement Économique et Attractivité,Voiture thermique,Non,False,,,
952,Communication et Relations Publiques,Voiture thermique,Non,True,,,
953,Administration Générale,Voiture thermique,Non,False,,,
954,Éducation et Jeunesse,Voiture thermique,Non,True,,,
955,Infrastructures et Mobilité,Voiture thermique,Non,False,,,
956,Communication et Relations Publiques,Voiture thermique,Non,True,,,
957,Administration Générale,Voiture thermique,Non,False,,,
958,Santé Publique et Prévention,Voiture thermique,Non,False,,,
959,Communication et Relations Publiques,Voiture thermique,Non,True,,,
960,Santé Publique et Prévention,Voiture thermique,Non,False,,,
961,Administration Générale,Voiture thermique,Non,True,,,
962,Communication et Relations Publiques,Voiture thermique,Non,False,,,
963,Infrastructures et Mobilité,Voiture thermique,Non,False,,,
964,Sécurité et Prévention des Risques,Voiture thermique,Non,True,,,
965,Sécurité et Prévention des Risques,Voiture thermique,Non,True,,,
966,Communication et Relations Publiques,Voiture thermique,Non,False,,,
967,Éducation et Jeunesse,Voiture thermique,Non,True,,,
968,Culture et Patrimoine,Voiture thermique,Non,True,,,
969,Culture et Patrimoine,Voiture thermique,Non,False,,,
970,Santé Publique et Prévention,Voiture thermique,Non,False,,,
971,Infrastructures et Mobilité,Voiture thermique,Non,False,,,
972,Santé Publique et Prévention,Voiture thermique,Non,False,,,
973,Transition Écologique et Énergies Renouvelables,Voiture thermique,Non,True,,,
974,Développement Économique et Attractivité,Voiture thermique,Non,False,,,
975,Infrastructures et Mobilité,Voiture thermique,Non,False,,,
976,Finance et Budget,Voiture thermique,Non,False,,,
977,Administration Générale,Voiture thermique,Non,True,,,
978,Sécurité et Prévention des Risques,Voiture thermique,Non,True,,,
979,Culture et Patrimoine,Voiture thermique,Non,True,,,
980,Santé Publique et Prévention,Voiture thermique,Non,True,,,
981,Sécurité et Prévention des Risques,Voiture thermique,Non,False,,,
982,Infrastructures et Mobilité,Voiture thermique,Non,True,,,
983,Sécurité et Prévention des Risques,Voiture thermique,Non,False,,,
984,Finance et Budget,Voiture thermique,Non,False,,,
985,Santé Publique et Prévention,Voiture thermique,Non,True,,,
986,Finance et Budget,Voiture thermique,Non,False,,,
987,Communication et Relations Publiques,Voiture thermique,Non,False,,,
988,Transition Écologique et Énergies Renouvelables,Voiture thermique,Non,True,,,
989,Développement Économique et Attractivité,Voiture thermique,Non,True,,,
990,Administration Générale,Voiture thermique,Non,True,,,
991,Services Sociaux et Solidarité,Voiture thermique,Non,True,,,
992,Transition Écologique et Énergies Renouvelables,Voiture thermique,Non,False,,,
993,Infrastructures et Mobilité,Voiture thermique,Non,False,,,
994,Finance et Budget,Voiture thermique,Non,False,,,
995,Services Sociaux et Solidarité,Voiture thermique,Non,False,,,
996,Sécurité et Prévention des Risques,Voiture thermique,Non,True,,,
997,Transition Écologique et Énergies Renouvelables,Voiture thermique,Non,False,,,
998,Développement Économique et Attractivité,Voiture thermique,Non,False,,,
999,Communication et Relations Publiques,Voiture thermique,Non,False,,,
1000,Administration Générale,Voiture thermique,Non,False,,,
1001,Santé Publique et Prévention,Pas de véhicule,Non,True,,,
1002,Éducation et Jeunesse,Voiture thermique,Non,True,,,
1003,Éducation et Jeunesse,Voiture thermique,Non,False,,,
1004,Développement Économique et Attractivité,Voiture thermique,Non,False,,,
1005,Communication et Relations Publiques,Voiture thermique,Non,False,,,
1006,Infrastructures et Mobilité,Voiture thermique,Non,False,,,
1007,Sécurité et Prévention des Risques,Voiture thermique,Non,True,,,
1008,Finance et Budget,Voiture thermique,Non,False,,,
1009,Éducation et Jeunesse,Voiture thermique,Non,False,,,
1010,Services Sociaux et Solidarité,Voiture thermique,Non,False,,,
1011,Sécurité et Prévention des Risques,Voiture thermique,Non,False,,,
1012,Culture et Patrimoine,Voiture thermique,Non,False,,,
1013,Aménagement du Territoire et Urbanisme,Voiture thermique,Non,True,,,
1014,Culture et Patrimoine,Voiture hybride,Non,True,,,
1015,Administration Générale,Voiture thermique,Non,False,,,
1016,Infrastructures et Mobilité,Voiture thermique,Non,False,,,
1017,Éducation et Jeunesse,Voiture thermique,Non,True,,,
1018,Santé Publique et Prévention,Voiture thermique,Non,False,,,
1019,Culture et Patrimoine,Voiture thermique,Non,False,,,
1020,Éducation et Jeunesse,Voiture thermique,Non,True,,,
1021,Administration Générale,Voiture thermique,Non,True,,,
1022,Développement Économique et Attractivité,Voiture thermique,Non,True,,,
1023,Santé Publique et Prévention,Voiture thermique,Non,True,,,
1024,Culture et Patrimoine,Voiture thermique,Non,False,,,
1025,Aménagement du Territoire et Urbanisme,Voiture thermique,Non,False,,,
1026,Sécurité et Prévention des Risques,Voiture thermique,Non,False,,,
1027,Développement Économique et Attractivité,Voiture thermique,Non,True,,,
1028,Aménagement du Territoire et Urbanisme,Voiture thermique,Non,False,,,
1029,Services Sociaux et Solidarité,Voiture thermique,Non,True,,,
1030,Sécurité et Prévention des Risques,Voiture thermique,Non,False,,,
1031,Finance et Budget,Voiture électrique,Non,True,,,
1032,Santé Publique et Prévention,Voiture thermique,Non,True,,,
1033,Transition Écologique et Énergies Renouvelables,Voiture thermique,Non,False,,,
1034,Infrastructures et Mobilité,Voiture thermique,Non,True,,,
1035,Finance et Budget,Voiture thermique,Non,False,,,
1036,Développement Économique et Attractivité,Voiture thermique,Non,False,,,
1037,Aménagement du Territoire et Urbanisme,Voiture thermique,Non,False,,,
1038,Finance et Budget,Voiture thermique,Non,False,,,
1039,Culture et Patrimoine,Voiture thermique,Non,True,,,
1040,Infrastructures et Mobilité,Voiture thermique,Non,True,,,
1041,Santé Publique et Prévention,Voiture thermique,Non,True,,,
1042,Éducation et Jeunesse,Voiture thermique,Non,False,,,
1043,Éducation et Jeunesse,Voiture thermique,Non,True,,,
1044,Administration Générale,Voiture thermique,Non,False,,,
1045,Transition Écologique et Énergies Renouvelables,Voiture thermique,Non,True,,,
1046,Aménagement du Territoire et Urbanisme,Voiture thermique,Non,True,,,
1047,Services Sociaux et Solidarité,Voiture thermique,Non,False,,,
1048,Aménagement du Territoire et Urbanisme,Voiture thermique,Non,False,,,
1049,Transition Écologique et Énergies Renouvelables,Voiture thermique,Non,False,,,
1050,Sécurité et Prévention des Risques,Voiture thermique,Non,True,,,
1051,Administration Générale,Voiture thermique,Non,False,,,
1052,Développement Économique et Attractivité,Voiture thermique,Non,True,,,
1053,Communication et Relations Publiques,Voiture thermique,Non,True,,,
1054,Communication et Relations Publiques,Voiture thermique,Non,True,,,
1055,Infrastructures et Mobilité,Voiture électrique,Non,True,,,
1056,Aménagement du Territoire et Urbanisme,Voiture thermique,Non,False,,,
1057,Développement Économique et Attractivité,Voiture thermique,Non,False,,,
1058,Finance et Budget,Voiture thermique,Non,True,,,
1059,Infrastructures et Mobilité,Voiture thermique,Non,True,,,
1060,Services Sociaux et Solidarité,Voiture thermique,Non,False,,,
1061,Communication et Relations Publiques,Voiture hybride,Non,True,,,
1062,Finance et Budget,Voiture thermique,Non,True,,,
1063,Infrastructures et Mobilité,Voiture thermique,Non,True,,,
1064,Administration Générale,Voiture thermique,Non,True,,,
1065,Finance et Budget,Voiture thermique,Non,True,,,
1066,Finance et Budget,Voiture thermique,Non,True,,,
1067,Éducation et Jeunesse,Voiture thermique,Non,False,,,
1068,Communication et Relations Publiques,Voiture électrique,Non,True,,,
1069,Administration Générale,Voiture thermique,Non,True,,,
1070,Services Sociaux et Solidarité,Voiture thermique,Non,True,,,
1071,Finance et Budget,Voiture thermique,Non,False,,,
1072,Aménagement du Territoire et Urbanisme,Voiture thermique,Non,False,,,
1073,Finance et Budget,Pas de véhicule,Non,True,,,
1074,Infrastructures et Mobilité,Voiture thermique,Non,True,,,
1075,Infrastructures et Mobilité,Voiture thermique,Non,True,,,
1076,Développement Économique et Attractivité,Voiture thermique,Non,False,,,
1077,Culture et Patrimoine,Voiture thermique,Non,True,,,
1078,Infrastructures et Mobilité,Voiture thermique,Non,True,,,
1079,Communication et Relations Publiques,Voiture thermique,Non,True,,,
1080,Communication et Relations Publiques,Voiture thermique,Non,False,,,
1081,Services Sociaux et Solidarité,Voiture thermique,Non,False,,,
1082,Aménagement du Territoire et Urbanisme,Voiture thermique,Non,False,,,
1083,Développement Économique et Attractivité,Voiture thermique,Non,True,,,
1084,Aménagement du Territoire et Urbanisme,Voiture thermique,Non,True,,,
1085,Développement Économique et Attractivité,Voiture thermique,Non,True,,,
1086,Services Sociaux et Solidarité,Voiture thermique,Non,True,,,
1087,Finance et Budget,Voiture thermique,Non,True,,,
1088,Communication et Relations Publiques,Voiture thermique,Non,True,,,
1089,Services Sociaux et Solidarité,Voiture thermique,Non,False,,,
1090,Santé Publique et Prévention,Voiture thermique,Non,True,,,
1091,Santé Publique et Prévention,Voiture thermique,Non,True,,,
1092,Sécurité et Prévention des Risques,Voiture thermique,Non,False,,,
1093,Éducation et Jeunesse,Voiture hybride,Non,False,,,
1094,Culture et Patrimoine,Voiture thermique,Non,True,,,
1095,Infrastructures et Mobilité,Voiture électrique,Non,True,,,
1096,Infrastructures et Mobilité,Voiture thermique,Non,False,,,
1097,Aménagement du Territoire et Urbanisme,Voiture thermique,Non,True,,,
1098,Transition Écologique et Énergies Renouvelables,Voiture thermique,Non,True,,,
1099,Infrastructures et Mobilité,Voiture thermique,Non,True,,,
1100,Transition Écologique et Énergies Renouvelables,Voiture thermique,Non,False,,,
1101,Éducation et Jeunesse,Voiture hybride,Non,True,,,
1102,Développement Économique et Attractivité,Voiture thermique,Non,False,,,
1103,Culture et Patrimoine,Voiture thermique,Non,False,,,
1104,Communication et Relations Publiques,Voiture thermique,Non,True,,,
1105,Administration Générale,Voiture thermique,Non,True,,,
1106,Finance et Budget,Voiture thermique,Non,True,,,
1107,Culture et Patrimoine,Voiture thermique,Non,True,,,
1108,Finance et Budget,Voiture thermique,Non,True,,,
1109,Communication et Relations Publiques,Voiture thermique,Non,True,,,
1110,Administration Générale,Voiture thermique,Non,True,,,
1111,Administration Générale,Voiture thermique,Non,True,,,
1112,Services Sociaux et Solidarité,Voiture thermique,Non,True,,,
1113,Développement Économique et Attractivité,Voiture thermique,Non,False,,,
1114,Infrastructures et Mobilité,Voiture thermique,Non,True,,,
1115,Transition Écologique et Énergies Renouvelables,Voiture thermique,Non,False,,,
1116,Services Sociaux et Solidarité,Voiture hybride,Non,True,,,
1117,Développement Économique et Attractivité,Voiture thermique,Non,False,,,
1118,Transition Écologique et Énergies Renouvelables,Voiture thermique,Non,False,,,
1119,Infrastructures et Mobilité,Voiture électrique,Non,False,,,
1120,Éducation et Jeunesse,Voiture thermique,Non,False,,,
1121,Sécurité et Prévention des Risques,Voiture thermique,Non,False,,,
1122,Communication et Relations Publiques,Voiture thermique,Non,False,,,
1123,Communication et Relations Publiques,Voiture thermique,Non,False,,,
1124,Aménagement du Territoire et Urbanisme,Voiture thermique,Non,True,,,
1125,Développement Économique et Attractivité,Voiture thermique,Non,False,,,
1126,Éducation et Jeunesse,Voiture thermique,Non,False,,,
1127,Services Sociaux et Solidarité,Voiture thermique,Non,True,,,
1128,Santé Publique et Prévention,Voiture thermique,Non,True,,,
1129,Administration Générale,Voiture thermique,Non,False,,,
1130,Services Sociaux et Solidarité,Voiture thermique,Non,True,,,
1131,Finance et Budget,Voiture thermique,Non,True,,,
1132,Développement Économique et Attractivité,Voiture électrique,Non,True,,,
1133,Communication et Relations Publiques,Voiture thermique,Non,False,,,
1134,Aménagement du Territoire et Urbanisme,Voiture thermique,Non,True,,,
1135,Sécurité et Prévention des Risques,Voiture thermique,Non,True,,,
1136,Finance et Budget,Voiture thermique,Non,False,,,
1137,Services Sociaux et Solidarité,Voiture thermique,Non,False,,,
1138,Santé Publique et Prévention,Voiture thermique,Non,False,,,
1139,Infrastructures et Mobilité,Voiture thermique,Non,False,,,
1140,Communication et Relations Publiques,Voiture thermique,Non,False,,,
1141,Éducation et Jeunesse,Voiture thermique,Non,False,,,
1142,Communication et Relations Publiques,Voiture thermique,Non,True,,,
1143,Culture et Patrimoine,Voiture thermique,Non,True,,,
1144,Sécurité et Prévention des Risques,Voiture thermique,Non,True,,,
1145,Culture et Patrimoine,Voiture thermique,Non,False,,,
1146,Éducation et Jeunesse,Voiture thermique,Non,True,,,
1147,Culture et Patrimoine,Voiture thermique,Non,True,,,
1148,Santé Publique et Prévention,Voiture thermique,Non,False,,,
1149,Aménagement du Territoire et Urbanisme,Voiture thermique,Non,True,,,
1150,Transition Écologique et Énergies Renouvelables,Voiture thermique,Non,True,,,
1151,Santé Publique et Prévention,Voiture thermique,Non,True,,,
1152,Culture et Patrimoine,Voiture hybride,Non,False,,,
1153,Sécurité et Prévention des Risques,Voiture thermique,Non,True,,,
1154,Culture et Patrimoine,Voiture thermique,Non,True,,,
1155,Administration Générale,Voiture thermique,Non,False,,,
1156,Communication et Relations Publiques,Voiture thermique,Non,False,,,
1157,Transition Écologique et Énergies Renouvelables,Voiture thermique,Non,False,,,
1158,Éducation et Jeunesse,Pas de véhicule,Non,True,,,
1159,Communication et Relations Publiques,Voiture thermique,Non,False,,,
1160,Finance et Budget,Pas de véhicule,Non,True,,,
1161,Éducation et Jeunesse,Pas de véhicule,Non,False,,,
1162,Développement Économique et Attractivité,Pas de véhicule,Non,True,,,
1163,Communication et Relations Publiques,Voiture thermique,Non,True,,,
1164,Communication et Relations Publiques,Voiture thermique,Non,True,,,
1165,Infrastructures et Mobilité,Voiture thermique,Non,False,,,
1166,Services Sociaux et Solidarité,Voiture hybride,Non,False,,,
1167,Développement Économique et Attractivité,Voiture thermique,Non,False,,,
1168,Développement Économique et Attractivité,Pas de véhicule,Non,True,,,
1169,Sécurité et Prévention des Risques,Voiture thermique,Non,True,,,
1170,Culture et Patrimoine,Voiture thermique,Non,True,,,
1171,Finance et Budget,Voiture thermique,Non,True,,,
1172,Santé Publique et Prévention,Voiture thermique,Non,True,,,
1173,Sécurité et Prévention des Risques,Voiture thermique,Non,True,,,
1174,Services Sociaux et Solidarité,Pas de véhicule,Non,True,,,
1175,Aménagement du Territoire et Urbanisme,Voiture thermique,Non,False,,,
1176,Sécurité et Prévention des Risques,Voiture hybride,Non,True,,,
1177,Développement Économique et Attractivité,Voiture thermique,Non,True,,,
1178,Santé Publique et Prévention,Voiture thermique,Non,False,,,
1179,Finance et Budget,Voiture thermique,Non,True,,,
1180,Aménagement du Territoire et Urbanisme,Voiture hybride,Non,True,,,
1181,Finance et Budget,Voiture thermique,Non,True,,,
1182,Culture et Patrimoine,Voiture thermique,Non,True,,,
1183,Transition Écologique et Énergies Renouvelables,Voiture thermique,Non,False,,,
1184,Services Sociaux et Solidarité,Voiture thermique,Non,False,,,
1185,Finance et Budget,Voiture thermique,Non,True,,,
1186,Santé Publique et Prévention,Voiture thermique,Non,True,,,
1187,Développement Économique et Attractivité,Pas de véhicule,Non,True,,,
1188,Services Sociaux et Solidarité,Voiture thermique,Non,False,,,
1189,Sécurité et Prévention des Risques,Voiture thermique,Non,True,,,
1190,Transition Écologique et Énergies Renouvelables,Voiture thermique,Non,True,,,
1191,Transition Écologique et Énergies Renouvelables,Voiture thermique,Non,True,,,
1192,Éducation et Jeunesse,Voiture thermique,Non,True,,,
1193,Culture et Patrimoine,Voiture thermique,Non,True,,,
1194,Éducation et Jeunesse,Voiture thermique,Non,True,,,
1195,Santé Publique et Prévention,Voiture thermique,Non,False,,,
1196,Communication et Relations Publiques,Voiture thermique,Non,False,,,
1197,Développement Économique et Attractivité,Voiture thermique,Non,True,,,
1198,Santé Publique et Prévention,Pas de véhicule,Non,False,,,
1199,Infrastructures et Mobilité,Pas de véhicule,Non,False,,,
1200,Sécurité et Prévention des Risques,Pas de véhicule,Non,True,,,
1201,Infrastructures et Mobilité,Voiture électrique,Non,False,,,
1202,Finance et Budget,Voiture thermique,Non,True,,,
1203,Aménagement du Territoire et Urbanisme,Voiture thermique,Non,False,,,
1204,Finance et Budget,Pas de véhicule,Non,False,,,
1205,Éducation et Jeunesse,Voiture thermique,Non,False,,,
1206,Finance et Budget,Voiture thermique,Non,False,,,
1207,Santé Publique et Prévention,Voiture hybride,Non,False,,,
1208,Services Sociaux et Solidarité,Voiture thermique,Non,False,,,
1209,Santé Publique et Prévention,Pas de véhicule,Non,True,,,
1210,Développement Économique et Attractivité,Voiture thermique,Non,True,,,
1211,Culture et Patrimoine,Voiture thermique,Non,True,,,
1212,Finance et Budget,Voiture thermique,Non,False,,,
1213,Culture et Patrimoine,Voiture thermique,Non,False,,,
1214,Finance et Budget,Voiture thermique,Non,True,,,
1215,Aménagement du Territoire et Urbanisme,Voiture thermique,Non,True,,,
1216,Transition Écologique et Énergies Renouvelables,Voiture thermique,Non,False,,,
1217,Transition Écologique et Énergies Renouvelables,Voiture thermique,Non,True,,,
1218,Aménagement du Territoire et Urbanisme,Voiture thermique,Non,False,,,
1219,Infrastructures et Mobilité,Voiture électrique,Non,False,,,
1220,Aménagement du Territoire et Urbanisme,Pas de véhicule,Non,True,,,
1221,Sécurité et Prévention des Risques,Voiture thermique,Non,False,,,
1222,Administration Générale,Voiture thermique,Non,False,,,
1223,Sécurité et Prévention des Risques,Pas de véhicule,Non,True,,,
1224,Transition Écologique et Énergies Renouvelables,Voiture hybride,Oui,False,"17,9",3.0,"3,44"
1225,Santé Publique et Prévention,Voiture thermique,Oui,True,"33,5",3.0,"6,43"
1226,Sécurité et Prévention des Risques,Pas de véhicule,Non,False,,,
1227,Transition Écologique et Énergies Renouvelables,Voiture thermique,Non,False,,,
1228,Communication et Relations Publiques,Voiture thermique,Non,False,,,
1229,Santé Publique et Prévention,Voiture thermique,Oui,False,"33,8",3.0,"6,49"
1230,Finance et Budget,Voiture thermique,Non,True,,,
1231,Développement Économique et Attractivité,Voiture thermique,Non,False,,,
1232,Éducation et Jeunesse,Voiture thermique,Non,False,,,
1233,Éducation et Jeunesse,Pas de véhicule,Non,True,,,
1234,Finance et Budget,Voiture thermique,Non,False,,,
1235,Finance et Budget,Voiture thermique,Non,False,,,
1236,Finance et Budget,Voiture thermique,Oui,False,37,5.0,"7,1"
